40,admin@example.com,verre,97
41,simple@example.com,chemise,30
42,simple@example.com,pantalon,299
43,kole.roberts@kessler.com,Omnis qui ut saepe ea eos.,194
44,qromaguera@yahoo.com,Quam velit omnis et.,119
45,anderson.howe@paucek.com,Error sunt voluptas quo sed.,128
46,bernie.stamm@gmail.com,Voluptatem est numquam alias.,100
47,fturcotte@gmail.com,Et sunt blanditiis a quia.,139
48,alisha80@keebler.com,Dolor nemo quibusdam ad.,175
49,mayer.quentin@gmail.com,Nam iste rerum minus a.,136
50,hudson.rosie@emard.org,In veritatis in officia.,179
51,cole.cassie@huel.biz,Qui aut inventore cum nisi.,109
52,cora43@quitzon.com,Modi eum ex eaque numquam.,156