650,admin,admin@example.com,+19719963984
651,simple,simple@example.com,+16261281136
652,heller.kavon,kole.roberts@kessler.com,+18324130369
653,janessa.lebsack,qromaguera@yahoo.com,+15169147646
654,bradtke.marcella,anderson.howe@paucek.com,+16898927118
655,ali30,bernie.stamm@gmail.com,+17400235003
656,damore.barton,fturcotte@gmail.com,+17348413460
657,batz.myriam,alisha80@keebler.com,+13121336968
658,cstehr,mayer.quentin@gmail.com,+19368764046
659,bruce03,hudson.rosie@emard.org,+13231497335
660,padberg.buck,cole.cassie@huel.biz,+13204997664
661,omer.tremblay,cora43@quitzon.com,+16123447216
662,maurice66,yritchie@beahan.org,+12679066995
663,imarks,bradtke.kristin@hotmail.com,+19493669950
664,linnie49,smckenzie@hotmail.com,+19723200302
665,providenci.gerhold,santos23@yahoo.com,+15343560996
666,katrina.dickens,josiane.lesch@legros.net,+17403542598
667,stokes.gaetano,tyree.lakin@hotmail.com,+17024918317
668,beatty.enos,ruecker.brianne@lang.com,+19499460710
669,emarvin,lenore54@koss.com,+18486324694
670,ezequiel57,tyrell87@watsica.com,+13800871028
671,jace55,reagan.harvey@kozey.com,+13806930615