560,admin,admin@example.com,+13254454193
561,simple,simple@example.com,+19378869121
562,boyle.katarina,lesch.alia@gmail.com,+19497525863
563,brenna.schuppe,renner.aiyana@marquardt.net,+18056069393
564,osbaldo51,hmed.88@gmail.com,+14580801792
565,connie73,schoen.leland@hotmail.com,+17251410501
566,theodore25,krystal.gerlach@schroeder.org,+12094147697
567,btrantow,brycen.runte@olson.com,+18038938909
568,destin.dickens,eldora.tillman@yahoo.com,+18485719458
569,garrison.heaney,arussel@dicki.com,+18306486905
570,vonrueden.keaton,leanna.schumm@metz.org,+18636101544
571,consuelo18,oleta84@yahoo.com,+17628765454
572,jacinthe.runolfsdottir,kerluke.dylan@hartmann.info,+18204669002
573,qsimonis,bette.bechtelar@schowalter.info,+13463497869
574,karley.buckridge,zdoyle@hotmail.com,+14589369989
575,angelo.mclaughlin,jones.travis@hotmail.com,+15201429782
576,mcdermott.duane,robb10@hotmail.com,+13519748061
577,denis13,homenick.felton@gmail.com,+14242921093
578,randi38,kassulke.gennaro@balistreri.net,+13468098735
579,schamberger.roma,brody.thompson@dicki.net,+19361435333
580,ywisoky,veda20@leuschke.net,+13197798367
581,kling.lavinia,batz.cleve@yahoo.com,+19135282996
582,hello,hello@gmail.com,+19497525863
583,hepar,yyyyyyyy@example.com,0681006457